{
    "accuracy": [
        0.03604976087808609,
        0.07200787961483002,
        0.1785305142402649,
        0.08596041053533554,
        0.1925632357597351,
        0.4428038001060486,
        0.20802785456180573,
        0.2785350978374481,
        0.456447035074234,
        0.4169950485229492,
        0.3345514237880707,
        0.43074139952659607,
        0.5320289731025696,
        0.4620257616043091,
        0.5077323317527771,
        0.33259254693984985,
        0.4127795100212097,
        0.42855343222618103,
        0.3685048520565033,
        0.5315364003181458
    ],
    "loss": [
        1.6031855344772339,
        1.588273525238037,
        1.5861284732818604,
        1.5493042469024658,
        1.5385289192199707,
        1.5191318988800049,
        1.4937846660614014,
        1.4695489406585693,
        1.47767174243927,
        1.4512007236480713,
        1.4719904661178589,
        1.399751901626587,
        1.4258801937103271,
        1.3849904537200928,
        1.3839011192321777,
        1.389416217803955,
        1.2942941188812256,
        1.3371202945709229,
        1.2780689001083374,
        1.280108094215393
    ]
}