{
    "accuracy": [
        0.42456698417663574,
        0.5408380627632141,
        0.5578033328056335,
        0.6078514456748962,
        0.6174739003181458,
        0.6412779688835144,
        0.6413466930389404,
        0.6437981128692627,
        0.6792750954627991,
        0.6515647768974304,
        0.6784273982048035,
        0.6767893433570862,
        0.6602822542190552,
        0.662894070148468,
        0.6804091930389404,
        0.6869387030601501,
        0.661943256855011,
        0.6933879852294922,
        0.682906448841095,
        0.711006224155426
    ],
    "loss": [
        1.3974095582962036,
        1.0061603784561157,
        0.8852537870407104,
        0.768720805644989,
        0.7710139751434326,
        0.6862368583679199,
        0.6472276449203491,
        0.6817629933357239,
        0.6454654932022095,
        0.6183452606201172,
        0.5887008905410767,
        0.5721317529678345,
        0.5669108033180237,
        0.5637245178222656,
        0.563076376914978,
        0.5565346479415894,
        0.5551080107688904,
        0.5586697459220886,
        0.508651077747345,
        0.5091080069541931
    ]
}