{
    "accuracy": [
        0.41879111528396606,
        0.3951627016067505,
        0.5784480571746826,
        0.4723772406578064,
        0.5943080186843872,
        0.5526756048202515,
        0.6189203262329102,
        0.5601503849029541,
        0.586627721786499,
        0.5951010584831238,
        0.6296111345291138,
        0.6023114323616028,
        0.5804159045219421,
        0.6252496242523193,
        0.6318873167037964,
        0.6342076063156128,
        0.6182888746261597,
        0.6484521627426147
    ],
    "loss": [
        1.3881211280822754,
        1.0989793539047241,
        0.91245037317276,
        0.8849743604660034,
        0.7692407965660095,
        0.7262488007545471,
        0.7534254193305969,
        0.7147698402404785,
        0.73109370470047,
        0.7030065059661865,
        0.6835774183273315,
        0.6978241205215454,
        0.6756344437599182,
        0.6838997006416321,
        0.6119757890701294,
        0.696678876876831,
        0.5981819033622742,
        0.6576175093650818
    ],
    "val_accuracy": [
        0.10280907899141312,
        0.6678435802459717,
        0.12155356258153915,
        0.655174195766449,
        0.320369690656662,
        0.5618152618408203,
        0.48138532042503357,
        0.4520483911037445,
        0.5258320569992065,
        0.6124409437179565,
        0.5795732140541077,
        0.7213770151138306,
        0.6838361024856567,
        0.6798380017280579,
        0.5676307082176208,
        0.5975907444953918,
        0.5544421076774597,
        0.5391245484352112
    ],
    "val_loss": [
        2.155463933944702,
        1.2498666048049927,
        1.604529619216919,
        1.0191973447799683,
        1.2941288948059082,
        0.9525026082992554,
        1.0420202016830444,
        1.0466973781585693,
        0.9851788282394409,
        0.8629870414733887,
        0.9394745230674744,
        0.7993699908256531,
        0.798651933670044,
        0.8053072690963745,
        0.8802157044410706,
        0.8599948287010193,
        0.8576868772506714,
        0.9492077827453613
    ],
    "learning_rate": [
        9.999999747378752e-06,
        9.999999747378752e-06,
        9.999999747378752e-06,
        1.9999999949504854e-06,
        1.9999999949504854e-06,
        9.999999974752427e-07,
        9.999999974752427e-07,
        9.999999974752427e-07,
        9.999999974752427e-07,
        9.999999974752427e-07,
        9.999999974752427e-07,
        9.999999974752427e-07,
        9.999999974752427e-07,
        9.999999974752427e-07,
        9.999999974752427e-07,
        9.999999974752427e-07,
        9.999999974752427e-07,
        9.999999974752427e-07
    ]
}