{
    "accuracy": [
        0.3697472810745239,
        0.44196850061416626,
        0.4518229067325592,
        0.5214695930480957,
        0.5175633430480957,
        0.5007398128509521,
        0.508729875087738
    ],
    "loss": [
        1.565157413482666,
        1.2372405529022217,
        1.0925040245056152,
        1.0080972909927368,
        0.9881442785263062,
        0.9792587757110596,
        0.9242050647735596
    ],
    "val_accuracy": [
        0.019857149571180344,
        0.737652599811554,
        0.493642657995224,
        0.5234790444374084,
        0.5058507919311523,
        0.32956790924072266,
        0.5290511846542358
    ],
    "val_loss": [
        1.919643521308899,
        0.9147205352783203,
        1.3180757761001587,
        1.3786791563034058,
        1.513045310974121,
        1.6827555894851685,
        1.3839855194091797
    ],
    "learning_rate": [
        9.999999747378752e-06,
        9.999999747378752e-06,
        9.999999747378752e-06,
        1.9999999949504854e-06,
        9.999999974752427e-07,
        9.999999974752427e-07,
        9.999999974752427e-07
    ]
}