{
    "accuracy": [
        0.3762466609477997,
        0.5420960783958435,
        0.428011417388916,
        0.5154726505279541,
        0.4960106313228607,
        0.5099179744720459
    ],
    "loss": [
        1.4515738487243652,
        1.0310784578323364,
        1.0486621856689453,
        0.9312964081764221,
        0.9849041700363159,
        0.911461353302002
    ],
    "val_accuracy": [
        0.7424212694168091,
        0.026550425216555595,
        0.2766660153865814,
        0.2465490996837616,
        0.2861765921115875,
        0.29449838399887085
    ],
    "val_loss": [
        0.762006938457489,
        1.8784013986587524,
        1.6041414737701416,
        1.66775381565094,
        1.4747228622436523,
        1.7379647493362427
    ],
    "learning_rate": [
        9.999999747378752e-06,
        9.999999747378752e-06,
        1.9999999949504854e-06,
        9.999999974752427e-07,
        9.999999974752427e-07,
        9.999999974752427e-07
    ]
}