{
    "accuracy": [
        0.3979213237762451,
        0.42614397406578064,
        0.47825056314468384,
        0.6392996907234192,
        0.5254882574081421,
        0.5375139713287354,
        0.5854910612106323,
        0.5472517013549805,
        0.5843470692634583,
        0.5819196701049805,
        0.6175083518028259,
        0.5902204513549805
    ],
    "loss": [
        1.358008623123169,
        1.0079054832458496,
        0.9837464690208435,
        0.9193056225776672,
        0.8795353770256042,
        0.8474599123001099,
        0.8249052166938782,
        0.8132379055023193,
        0.7516874670982361,
        0.7429500818252563,
        0.7650137543678284,
        0.7463857531547546
    ],
    "val_accuracy": [
        0.21205171942710876,
        0.2636473774909973,
        0.45506083965301514,
        0.5044270157814026,
        0.47238677740097046,
        0.6312503814697266,
        0.8273138403892517,
        0.7823428511619568,
        0.4471622407436371,
        0.5916937589645386,
        0.55353844165802,
        0.6351996660232544
    ],
    "val_loss": [
        1.6020814180374146,
        1.4293922185897827,
        1.5494165420532227,
        1.1735355854034424,
        0.9468551874160767,
        0.8837344646453857,
        0.7195432782173157,
        0.9185332655906677,
        1.196580410003662,
        0.9808762669563293,
        0.9110108613967896,
        0.8394114971160889
    ],
    "learning_rate": [
        9.999999747378752e-06,
        9.999999747378752e-06,
        9.999999747378752e-06,
        1.9999999949504854e-06,
        1.9999999949504854e-06,
        1.9999999949504854e-06,
        1.9999999949504854e-06,
        1.9999999949504854e-06,
        9.999999974752427e-07,
        9.999999974752427e-07,
        9.999999974752427e-07,
        9.999999974752427e-07
    ]
}