{
    "accuracy": [
        0.39611950516700745,
        0.3054601550102234,
        0.3556261360645294,
        0.5035771727561951,
        0.5063673257827759,
        0.4499627947807312,
        0.4698088467121124,
        0.4468148946762085,
        0.47199806571006775,
        0.49487751722335815,
        0.4579326808452606,
        0.491472065448761
    ],
    "loss": [
        1.636252522468567,
        1.5094468593597412,
        1.3400410413742065,
        1.260618805885315,
        1.2192672491073608,
        1.275180459022522,
        1.182985782623291,
        1.1638829708099365,
        1.1910407543182373,
        1.2074394226074219,
        1.1162925958633423,
        1.1648340225219727
    ],
    "val_accuracy": [
        0.04623248428106308,
        0.2644727826118469,
        0.22576384246349335,
        0.22892257571220398,
        0.18475763499736786,
        0.20876407623291016,
        0.3258097767829895,
        0.19756489992141724,
        0.24276360869407654,
        0.18952447175979614,
        0.16207213699817657,
        0.20985527336597443
    ],
    "val_loss": [
        1.952947974205017,
        1.6326783895492554,
        1.684794306755066,
        1.621170997619629,
        1.759844183921814,
        1.6466283798217773,
        1.5675935745239258,
        1.7201799154281616,
        1.6832717657089233,
        1.8203125,
        1.806132435798645,
        1.6563845872879028
    ],
    "learning_rate": [
        9.999999747378752e-06,
        9.999999747378752e-06,
        9.999999747378752e-06,
        1.9999999949504854e-06,
        1.9999999949504854e-06,
        9.999999974752427e-07,
        9.999999974752427e-07,
        9.999999974752427e-07,
        9.999999974752427e-07,
        9.999999974752427e-07,
        9.999999974752427e-07,
        9.999999974752427e-07
    ]
}