{
    "accuracy": [
        0.3004113435745239,
        0.36809009313583374,
        0.4755415618419647,
        0.3826941251754761,
        0.42082446813583374,
        0.3961144685745239
    ],
    "loss": [
        1.5826325416564941,
        1.2914363145828247,
        1.1076490879058838,
        1.0864466428756714,
        1.0432724952697754,
        1.0852587223052979
    ],
    "val_accuracy": [
        0.657160222530365,
        0.5932829976081848,
        0.1272478550672531,
        0.1262347400188446,
        0.11270958930253983,
        0.09335900098085403
    ],
    "val_loss": [
        1.210387945175171,
        1.2292048931121826,
        1.9824192523956299,
        1.6638721227645874,
        1.9106522798538208,
        1.9963788986206055
    ],
    "learning_rate": [
        9.999999747378752e-06,
        9.999999747378752e-06,
        1.9999999949504854e-06,
        9.999999974752427e-07,
        9.999999974752427e-07,
        9.999999974752427e-07
    ]
}