{
    "accuracy": [
        0.4542747139930725,
        0.5841367244720459,
        0.4495234787464142,
        0.5949135422706604,
        0.5870041251182556,
        0.588098406791687,
        0.611882209777832,
        0.5694260001182556
    ],
    "loss": [
        1.4322421550750732,
        0.95063716173172,
        0.9536579847335815,
        0.8688703775405884,
        0.8857719302177429,
        0.8276795148849487,
        0.8065923452377319,
        0.7884479761123657
    ],
    "val_accuracy": [
        0.10805098712444305,
        0.23056600987911224,
        0.49679678678512573,
        0.19780728220939636,
        0.28769564628601074,
        0.16518063843250275,
        0.250974178314209,
        0.26992931962013245
    ],
    "val_loss": [
        1.5308724641799927,
        1.7475799322128296,
        1.3821017742156982,
        1.680619716644287,
        1.569392442703247,
        1.689031720161438,
        1.6172395944595337,
        1.5954928398132324
    ],
    "learning_rate": [
        9.999999747378752e-06,
        9.999999747378752e-06,
        1.9999999949504854e-06,
        1.9999999949504854e-06,
        9.999999974752427e-07,
        9.999999974752427e-07,
        9.999999974752427e-07,
        9.999999974752427e-07
    ]
}