{
    "accuracy": [
        0.46999162435531616,
        0.4490513503551483,
        0.447265625,
        0.6338448524475098,
        0.3955775797367096,
        0.45883092284202576,
        0.4945591390132904,
        0.5360770225524902,
        0.5220842361450195,
        0.5465262532234192,
        0.5729352831840515,
        0.5862862467765808,
        0.5641462206840515,
        0.54248046875,
        0.5691127181053162,
        0.6305524706840515,
        0.5600306987762451
    ],
    "loss": [
        1.3091298341751099,
        0.9780031442642212,
        0.9798814058303833,
        0.8595290184020996,
        0.8849733471870422,
        0.844374418258667,
        0.813575267791748,
        0.793716549873352,
        0.7613534927368164,
        0.7370884418487549,
        0.7651879191398621,
        0.7428690791130066,
        0.7749261856079102,
        0.7259272933006287,
        0.7220093607902527,
        0.6983159780502319,
        0.698525607585907
    ],
    "val_accuracy": [
        0.14822600781917572,
        0.2918020188808441,
        0.35588252544403076,
        0.19587235152721405,
        0.03592585399746895,
        0.23651188611984253,
        0.14217466115951538,
        0.2921205163002014,
        0.3918721079826355,
        0.36811262369155884,
        0.32753679156303406,
        0.4377349019050598,
        0.2888719141483307,
        0.3890056610107422,
        0.32811006903648376,
        0.44232118129730225,
        0.3786865472793579
    ],
    "val_loss": [
        1.9929664134979248,
        1.4584473371505737,
        1.4051125049591064,
        1.7371469736099243,
        1.7693967819213867,
        1.2993301153182983,
        1.4251372814178467,
        1.2867176532745361,
        1.608469843864441,
        1.4294018745422363,
        1.2628096342086792,
        1.1803268194198608,
        1.3612771034240723,
        1.4339247941970825,
        1.258858323097229,
        1.3524624109268188,
        1.2763980627059937
    ],
    "learning_rate": [
        9.999999747378752e-06,
        9.999999747378752e-06,
        9.999999747378752e-06,
        9.999999747378752e-06,
        1.9999999949504854e-06,
        9.999999974752427e-07,
        9.999999974752427e-07,
        9.999999974752427e-07,
        9.999999974752427e-07,
        9.999999974752427e-07,
        9.999999974752427e-07,
        9.999999974752427e-07,
        9.999999974752427e-07,
        9.999999974752427e-07,
        9.999999974752427e-07,
        9.999999974752427e-07,
        9.999999974752427e-07
    ]
}