{
    "accuracy": [
        0.5051081776618958,
        0.3733545243740082,
        0.41137248277664185,
        0.545973539352417,
        0.5766369104385376,
        0.5516541004180908,
        0.5315075516700745,
        0.4981112778186798,
        0.5239955186843872,
        0.5372166633605957,
        0.4678056240081787,
        0.5589514374732971
    ],
    "loss": [
        1.4825071096420288,
        1.3260458707809448,
        1.2283953428268433,
        1.1832830905914307,
        1.1021156311035156,
        1.2111974954605103,
        1.0778141021728516,
        1.0776169300079346,
        1.0945031642913818,
        1.0807900428771973,
        1.0485358238220215,
        1.0692973136901855
    ],
    "val_accuracy": [
        0.14915001392364502,
        0.28641167283058167,
        0.20991270244121552,
        0.21261198818683624,
        0.14616356790065765,
        0.22352400422096252,
        0.4256834387779236,
        0.18188606202602386,
        0.24982769787311554,
        0.14231564104557037,
        0.1685044765472412,
        0.1779807060956955
    ],
    "val_loss": [
        1.7642093896865845,
        1.4981390237808228,
        1.578732967376709,
        1.5711802244186401,
        1.764858603477478,
        1.5850011110305786,
        1.3628368377685547,
        1.6906263828277588,
        1.5805997848510742,
        1.8617795705795288,
        1.7855857610702515,
        1.7152928113937378
    ],
    "learning_rate": [
        9.999999747378752e-06,
        9.999999747378752e-06,
        9.999999747378752e-06,
        1.9999999949504854e-06,
        9.999999974752427e-07,
        9.999999974752427e-07,
        9.999999974752427e-07,
        9.999999974752427e-07,
        9.999999974752427e-07,
        9.999999974752427e-07,
        9.999999974752427e-07,
        9.999999974752427e-07
    ]
}