{
    "accuracy": [
        0.39268091320991516,
        0.34615835547447205,
        0.5049048662185669,
        0.3880697786808014,
        0.508987307548523,
        0.48017504811286926,
        0.5446134805679321
    ],
    "loss": [
        1.4937728643417358,
        1.102759599685669,
        0.9767048954963684,
        0.9116680026054382,
        0.8129279017448425,
        0.7650331854820251,
        0.7965034246444702
    ],
    "val_accuracy": [
        0.03291967511177063,
        0.19507762789726257,
        0.06869515776634216,
        0.09148969501256943,
        0.07705488055944443,
        0.09050314128398895,
        0.0607508160173893
    ],
    "val_loss": [
        2.3476240634918213,
        1.5461061000823975,
        2.0604496002197266,
        1.7357546091079712,
        1.9177799224853516,
        1.8886070251464844,
        2.03959584236145
    ],
    "learning_rate": [
        9.999999747378752e-06,
        9.999999747378752e-06,
        9.999999747378752e-06,
        1.9999999949504854e-06,
        9.999999974752427e-07,
        9.999999974752427e-07,
        9.999999974752427e-07
    ]
}