{
    "accuracy": [
        0.06653180718421936,
        0.4548688530921936,
        0.18663504719734192,
        0.37275391817092896,
        0.23260323703289032,
        0.1856863796710968,
        0.2447684109210968,
        0.28369140625,
        0.24312220513820648,
        0.22314453125
    ],
    "loss": [
        1.6463098526000977,
        1.5860875844955444,
        1.578391432762146,
        1.5609512329101562,
        1.562646746635437,
        1.5460962057113647,
        1.5557851791381836,
        1.5802499055862427,
        1.5524297952651978,
        1.539612054824829
    ],
    "val_accuracy": [
        0.15465953946113586,
        0.1595005989074707,
        0.1014714315533638,
        0.11140836775302887,
        0.22491878271102905,
        0.13281100988388062,
        0.2018599957227707,
        0.1468246430158615,
        0.1612204611301422,
        0.14809860289096832
    ],
    "val_loss": [
        1.5289735794067383,
        1.5370618104934692,
        1.5120413303375244,
        1.5240845680236816,
        1.484586477279663,
        1.5094157457351685,
        1.4940835237503052,
        1.5077544450759888,
        1.56449556350708,
        1.5262629985809326
    ],
    "learning_rate": [
        9.999999747378752e-06,
        9.999999747378752e-06,
        1.9999999949504854e-06,
        1.9999999949504854e-06,
        9.999999974752427e-07,
        9.999999974752427e-07,
        9.999999974752427e-07,
        9.999999974752427e-07,
        9.999999974752427e-07,
        9.999999974752427e-07
    ]
}