{
    "accuracy": [
        0.003219436854124069,
        0.021248282864689827,
        0.031164148822426796,
        0.033396292477846146,
        0.03846153989434242,
        0.038032278418540955,
        0.041938528418540955,
        0.041480652987957,
        0.046231113374233246,
        0.05089572072029114,
        0.04967948794364929,
        0.057821083813905716,
        0.06099759787321091,
        0.0662202388048172,
        0.06646348536014557,
        0.07657966762781143,
        0.09234775602817535,
        0.10182005167007446,
        0.11182177066802979,
        0.09359260648488998
    ],
    "loss": [
        1.6287389993667603,
        1.611016869544983,
        1.5888034105300903,
        1.5832157135009766,
        1.5764784812927246,
        1.5855180025100708,
        1.564854383468628,
        1.5723443031311035,
        1.5716502666473389,
        1.599626064300537,
        1.5438143014907837,
        1.5605230331420898,
        1.5929290056228638,
        1.5510703325271606,
        1.5798355340957642,
        1.5815943479537964,
        1.5656846761703491,
        1.5550450086593628,
        1.6108037233352661,
        1.5343698263168335
    ],
    "val_accuracy": [
        0.012864691205322742,
        0.012922123074531555,
        0.012979554012417793,
        0.014932231046259403,
        0.01320928055793047,
        0.014070755802094936,
        0.02325982041656971,
        0.017172064632177353,
        0.023719273507595062,
        0.015506546944379807,
        0.017344359308481216,
        0.01987135224044323,
        0.02773948945105076,
        0.03376981243491173,
        0.023604411631822586,
        0.020732827484607697,
        0.027624627575278282,
        0.023604411631822586,
        0.035148173570632935,
        0.031013093888759613
    ],
    "val_loss": [
        1.7291399240493774,
        1.6488419771194458,
        1.6571528911590576,
        1.6456965208053589,
        1.6405645608901978,
        1.6426247358322144,
        1.672803521156311,
        1.6360619068145752,
        1.6431708335876465,
        1.6357430219650269,
        1.6455886363983154,
        1.6336326599121094,
        1.6302728652954102,
        1.646782636642456,
        1.640274167060852,
        1.625336766242981,
        1.633744239807129,
        1.624986171722412,
        1.6291389465332031,
        1.6244733333587646
    ],
    "learning_rate": [
        9.999999747378752e-06,
        9.999999747378752e-06,
        9.999999747378752e-06,
        1.9999999949504854e-06,
        1.9999999949504854e-06,
        1.9999999949504854e-06,
        9.999999974752427e-07,
        9.999999974752427e-07,
        9.999999974752427e-07,
        9.999999974752427e-07,
        9.999999974752427e-07,
        9.999999974752427e-07,
        9.999999974752427e-07,
        9.999999974752427e-07,
        9.999999974752427e-07,
        9.999999974752427e-07,
        9.999999974752427e-07,
        9.999999974752427e-07,
        9.999999974752427e-07,
        9.999999974752427e-07
    ]
}