{
    "accuracy": [
        0.05081084370613098,
        0.05538292974233627,
        0.05359256640076637,
        0.05365175008773804,
        0.05419921875,
        0.053636956959962845,
        0.056418679654598236,
        0.06761955469846725,
        0.06189334765076637,
        0.07273910939693451,
        0.08371803909540176,
        0.06662819534540176,
        0.09946141391992569,
        0.10145892202854156,
        0.12273614853620529,
        0.12770773470401764
    ],
    "loss": [
        1.629555106163025,
        1.5584362745285034,
        1.5378838777542114,
        1.5054118633270264,
        1.5068007707595825,
        1.490505337715149,
        1.4802436828613281,
        1.4952865839004517,
        1.4861353635787964,
        1.4941773414611816,
        1.5194499492645264,
        1.4315861463546753,
        1.4907937049865723,
        1.5004913806915283,
        1.4723104238510132,
        1.485034465789795
    ],
    "val_accuracy": [
        0.04680613800883293,
        0.04148726165294647,
        0.03358492627739906,
        0.03804265335202217,
        0.03576313331723213,
        0.035408541560173035,
        0.03525657206773758,
        0.048933692276477814,
        0.04305759444832802,
        0.052834201604127884,
        0.06848690658807755,
        0.054961755871772766,
        0.0662073865532875,
        0.05440453812479973,
        0.08530469238758087,
        0.0765918642282486
    ],
    "val_loss": [
        1.7023144960403442,
        1.6634279489517212,
        1.8039666414260864,
        1.6546330451965332,
        1.720799446105957,
        1.783331274986267,
        1.6892205476760864,
        1.647945523262024,
        1.6423906087875366,
        1.6645722389221191,
        1.6309309005737305,
        1.6843584775924683,
        1.7451153993606567,
        1.72099769115448,
        1.8215844631195068,
        1.8051061630249023
    ],
    "learning_rate": [
        9.999999747378752e-06,
        9.999999747378752e-06,
        9.999999747378752e-06,
        1.9999999949504854e-06,
        1.9999999949504854e-06,
        9.999999974752427e-07,
        9.999999974752427e-07,
        9.999999974752427e-07,
        9.999999974752427e-07,
        9.999999974752427e-07,
        9.999999974752427e-07,
        9.999999974752427e-07,
        9.999999974752427e-07,
        9.999999974752427e-07,
        9.999999974752427e-07,
        9.999999974752427e-07
    ]
}