{
    "accuracy": [
        0.02084718458354473,
        0.17222130298614502,
        0.21949800848960876,
        0.400667667388916,
        0.3698470890522003,
        0.38059619069099426,
        0.3858599364757538
    ],
    "loss": [
        1.6208552122116089,
        1.5949023962020874,
        1.582703948020935,
        1.5510627031326294,
        1.5796033143997192,
        1.5257235765457153,
        1.5439363718032837
    ],
    "val_accuracy": [
        0.0030381083488464355,
        0.10554124414920807,
        0.03137177228927612,
        0.06809325516223907,
        0.08123637735843658,
        0.04491116851568222,
        0.07000858336687088
    ],
    "val_loss": [
        1.583167314529419,
        1.5535715818405151,
        1.6645939350128174,
        1.639661192893982,
        1.607611894607544,
        1.669107437133789,
        1.6412559747695923
    ],
    "learning_rate": [
        9.999999747378752e-06,
        9.999999747378752e-06,
        9.999999747378752e-06,
        1.9999999949504854e-06,
        9.999999974752427e-07,
        9.999999974752427e-07,
        9.999999974752427e-07
    ]
}