{
    "accuracy": [
        0.39977383613586426,
        0.2726885676383972,
        0.679599404335022,
        0.11206237971782684,
        0.4304511249065399,
        0.43011337518692017,
        0.49157071113586426,
        0.4299371540546417
    ],
    "loss": [
        1.6109075546264648,
        1.5817286968231201,
        1.5738046169281006,
        1.5576813220977783,
        1.5732827186584473,
        1.508507490158081,
        1.533496379852295,
        1.5172817707061768
    ],
    "val_accuracy": [
        0.08645308762788773,
        0.016667531803250313,
        0.13759800791740417,
        0.04335635155439377,
        0.0900358259677887,
        0.07819720357656479,
        0.05779116228222847,
        0.05057375878095627
    ],
    "val_loss": [
        1.6402060985565186,
        1.6119744777679443,
        1.5459916591644287,
        1.586176872253418,
        1.6145896911621094,
        1.5631731748580933,
        1.5746943950653076,
        1.5700268745422363
    ],
    "learning_rate": [
        9.999999747378752e-06,
        9.999999747378752e-06,
        9.999999747378752e-06,
        9.999999747378752e-06,
        1.9999999949504854e-06,
        9.999999974752427e-07,
        9.999999974752427e-07,
        9.999999974752427e-07
    ]
}