{
    "accuracy": [
        0.04878627136349678,
        0.04690290242433548,
        0.0486886166036129,
        0.05916573479771614,
        0.05679408460855484,
        0.05728236585855484,
        0.0624302439391613,
        0.06064452975988388,
        0.0672433003783226,
        0.06363002210855484,
        0.06356026977300644,
        0.06318359076976776
    ],
    "loss": [
        1.6768091917037964,
        1.60028874874115,
        1.5672435760498047,
        1.5238220691680908,
        1.5187513828277588,
        1.4927424192428589,
        1.4995136260986328,
        1.5261731147766113,
        1.488947868347168,
        1.4849629402160645,
        1.5185508728027344,
        1.4364216327667236
    ],
    "val_accuracy": [
        0.041149117052555084,
        0.0579654760658741,
        0.04458882659673691,
        0.08350850641727448,
        0.0026116312947124243,
        0.039938848465681076,
        0.026944391429424286,
        0.0726160928606987,
        0.04012994468212128,
        0.008025988936424255,
        0.051531944423913956,
        0.03713612258434296
    ],
    "val_loss": [
        1.9619688987731934,
        1.939279317855835,
        1.6855719089508057,
        1.7341291904449463,
        1.6696540117263794,
        1.760237216949463,
        1.6146621704101562,
        1.6715950965881348,
        1.8519341945648193,
        1.7743679285049438,
        1.653072476387024,
        1.6616497039794922
    ],
    "learning_rate": [
        9.999999747378752e-06,
        9.999999747378752e-06,
        9.999999747378752e-06,
        9.999999747378752e-06,
        1.9999999949504854e-06,
        1.9999999949504854e-06,
        9.999999974752427e-07,
        9.999999974752427e-07,
        9.999999974752427e-07,
        9.999999974752427e-07,
        9.999999974752427e-07,
        9.999999974752427e-07
    ]
}