{
    "accuracy": [
        0.01424893457442522,
        0.026766689494252205,
        0.027240175753831863,
        0.02846827730536461,
        0.027550900354981422,
        0.027254970744252205,
        0.028941761702299118
    ],
    "loss": [
        1.7203381061553955,
        1.581756591796875,
        1.5367703437805176,
        1.4905833005905151,
        1.4986703395843506,
        1.4732110500335693,
        1.445763349533081
    ],
    "val_accuracy": [
        0.005014943424612284,
        0.004711007699370384,
        0.004255103413015604,
        0.004660351667553186,
        0.00481231976300478,
        0.004761663731187582,
        0.00486297532916069
    ],
    "val_loss": [
        1.9034910202026367,
        1.8298476934432983,
        2.2153499126434326,
        1.861416220664978,
        2.019479751586914,
        2.1877620220184326,
        1.9471821784973145
    ],
    "learning_rate": [
        9.999999747378752e-06,
        9.999999747378752e-06,
        9.999999747378752e-06,
        1.9999999949504854e-06,
        9.999999974752427e-07,
        9.999999974752427e-07,
        9.999999974752427e-07
    ]
}