{
    "accuracy": [
        0.0342143177986145,
        0.03792664036154747,
        0.04374445974826813,
        0.051044438034296036,
        0.05032413452863693,
        0.051833998411893845,
        0.052014075219631195,
        0.0563497357070446,
        0.0553385429084301,
        0.05112754926085472,
        0.05565713718533516,
        0.05503379926085472,
        0.057873450219631195,
        0.05551861599087715,
        0.05928634852170944,
        0.057042330503463745,
        0.06313718855381012,
        0.05255429819226265,
        0.060810063034296036
    ],
    "loss": [
        1.774459958076477,
        1.645196795463562,
        1.5884599685668945,
        1.5508980751037598,
        1.5687707662582397,
        1.5202313661575317,
        1.529569149017334,
        1.5269763469696045,
        1.5463544130325317,
        1.5142351388931274,
        1.517689824104309,
        1.4974342584609985,
        1.5096932649612427,
        1.5362967252731323,
        1.4985357522964478,
        1.4989291429519653,
        1.5283948183059692,
        1.465494155883789,
        1.499411940574646
    ],
    "val_accuracy": [
        0.004160887561738491,
        0.0019153292523697019,
        0.002773925196379423,
        0.0047553000040352345,
        0.0030381083488464355,
        0.004292979370802641,
        0.0036325210239738226,
        0.002311604330316186,
        0.0036325210239738226,
        0.0033683376386761665,
        0.002707879291847348,
        0.002245558425784111,
        0.0029720626771450043,
        0.002509741811081767,
        0.0031702001579105854,
        0.0033683376386761665,
        0.0030381083488464355,
        0.003698566695675254,
        0.0031702001579105854
    ],
    "val_loss": [
        2.436267137527466,
        2.1997549533843994,
        2.396014928817749,
        2.2377254962921143,
        2.114344835281372,
        2.3384268283843994,
        2.2015902996063232,
        2.1205270290374756,
        2.3667118549346924,
        2.076613426208496,
        2.20263409614563,
        2.045081853866577,
        2.2457125186920166,
        2.0027740001678467,
        2.2898690700531006,
        2.0644047260284424,
        2.084789991378784,
        2.3461925983428955,
        2.2345869541168213
    ],
    "learning_rate": [
        9.999999747378752e-06,
        9.999999747378752e-06,
        9.999999747378752e-06,
        1.9999999949504854e-06,
        9.999999974752427e-07,
        9.999999974752427e-07,
        9.999999974752427e-07,
        9.999999974752427e-07,
        9.999999974752427e-07,
        9.999999974752427e-07,
        9.999999974752427e-07,
        9.999999974752427e-07,
        9.999999974752427e-07,
        9.999999974752427e-07,
        9.999999974752427e-07,
        9.999999974752427e-07,
        9.999999974752427e-07,
        9.999999974752427e-07,
        9.999999974752427e-07
    ]
}