{
    "accuracy": [
        0.02738780528306961,
        0.03329123556613922,
        0.032894738018512726,
        0.02693256549537182,
        0.035038769245147705,
        0.02859198860824108,
        0.03757929801940918,
        0.03799048438668251
    ],
    "loss": [
        1.639080286026001,
        1.5721434354782104,
        1.5606805086135864,
        1.5590934753417969,
        1.567869782447815,
        1.536845088005066,
        1.5341095924377441,
        1.5172197818756104
    ],
    "val_accuracy": [
        0.06090658903121948,
        0.015369437634944916,
        0.013500181958079338,
        0.015161742456257343,
        0.01744638942182064,
        0.019575264304876328,
        0.015525208786129951,
        0.020873358473181725
    ],
    "val_loss": [
        1.8140455484390259,
        1.9892994165420532,
        1.7293061017990112,
        1.7844544649124146,
        1.8532688617706299,
        1.764462947845459,
        1.7978500127792358,
        1.7593063116073608
    ],
    "learning_rate": [
        9.999999747378752e-06,
        9.999999747378752e-06,
        1.9999999949504854e-06,
        1.9999999949504854e-06,
        9.999999974752427e-07,
        9.999999974752427e-07,
        9.999999974752427e-07,
        9.999999974752427e-07
    ]
}