{
    "accuracy": [
        0.000772664847318083,
        0.0010159112280234694,
        0.005322802346199751,
        0.008284684270620346,
        0.011089171282947063,
        0.009043040685355663,
        0.010774381458759308
    ],
    "loss": [
        1.7087517976760864,
        1.636626124382019,
        1.595842719078064,
        1.583337664604187,
        1.568839430809021,
        1.5799517631530762,
        1.5559734106063843
    ],
    "val_accuracy": [
        0.021019985899329185,
        0.01567884162068367,
        0.013151849620044231,
        0.014932231046259403,
        0.013094417750835419,
        0.013553870841860771,
        0.022340914234519005
    ],
    "val_loss": [
        1.6876964569091797,
        1.5627272129058838,
        1.6459702253341675,
        1.6316720247268677,
        1.637410283088684,
        1.6374276876449585,
        1.69354248046875
    ],
    "learning_rate": [
        9.999999747378752e-06,
        9.999999747378752e-06,
        9.999999747378752e-06,
        1.9999999949504854e-06,
        9.999999974752427e-07,
        9.999999974752427e-07,
        9.999999974752427e-07
    ]
}