Fold,Accuracy,Loss
1,0.5391245484,0.9492077827
2,0.2098552734,1.6563845873
3,0.5290511847,1.3839855194
4,0.2944983840,1.7379647493
5,0.6351996660,0.8394114971
Mean,0.4415458113,1.3133908272
Std,0.1612352734,0.3633667680
