{
    "accuracy": [
        0.4016449749469757,
        0.4963915944099426,
        0.5544240474700928,
        0.5929710268974304,
        0.6120784282684326,
        0.6428472995758057,
        0.655150294303894,
        0.697912871837616,
        0.7026324272155762,
        0.6996311545372009,
        0.7239163517951965,
        0.7342604398727417,
        0.7218658328056335,
        0.7436423301696777,
        0.7563462257385254,
        0.7442837953567505,
        0.7469070553779602,
        0.7583279609680176,
        0.7669767141342163,
        0.7879284024238586
    ],
    "loss": [
        1.4209567308425903,
        1.0505441427230835,
        0.8986772298812866,
        0.7676536440849304,
        0.742729902267456,
        0.6716524958610535,
        0.6204100251197815,
        0.6017175316810608,
        0.5806876420974731,
        0.5484026074409485,
        0.5053868293762207,
        0.5020236372947693,
        0.4847000539302826,
        0.48693233728408813,
        0.47317612171173096,
        0.46593254804611206,
        0.43262800574302673,
        0.46055302023887634,
        0.3930751383304596,
        0.4054470658302307
    ]
}