{
    "accuracy": [
        0.8881277441978455,
        0.7554526925086975,
        0.6667201519012451,
        0.6920019388198853,
        0.6336487531661987,
        0.6490446329116821,
        0.5602433085441589,
        0.477112352848053,
        0.5907601714134216,
        0.5060025453567505,
        0.5394863486289978,
        0.5515716671943665,
        0.5927534103393555,
        0.5332546830177307,
        0.5818021297454834,
        0.43005406856536865,
        0.5026347041130066,
        0.48853325843811035,
        0.5158999562263489,
        0.5332088470458984
    ],
    "loss": [
        1.679325819015503,
        1.599805235862732,
        1.5762439966201782,
        1.520297646522522,
        1.5008907318115234,
        1.4756178855895996,
        1.4554375410079956,
        1.4246149063110352,
        1.4412596225738525,
        1.4128999710083008,
        1.442354679107666,
        1.3854550123214722,
        1.4114500284194946,
        1.3810831308364868,
        1.3878804445266724,
        1.4052770137786865,
        1.3210426568984985,
        1.3833030462265015,
        1.3334101438522339,
        1.3456474542617798
    ]
}